00eeb078-c75b-43b9-95c6-a17c99199782,00eeb078-c75b-43b9-95c6-a17c99199782,BLOCK_COMPLETED,R0,0,2026-05-05,2026-05-05,29,Retry / force execution
01a89410-24db-465d-89e6-0af16a17ae60,01a89410-24db-465d-89e6-0af16a17ae60,BLOCK_COMPLETED,R0,0,2026-05-06,2026-05-06,28,Retry / force execution
02363a37-1006-41df-bbef-fb4b3f0489e3,02363a37-1006-41df-bbef-fb4b3f0489e3,BLOCK_COMPLETED,R0,0.02,2026-05-07,2026-05-07,27,Retry / force execution
02c20f67-745e-4e95-9b8f-310e2cc44dc8,02c20f67-745e-4e95-9b8f-310e2cc44dc8,BLOCK_COMPLETED,R0,0,2026-05-07,2026-05-07,27,Retry / force execution
052db8f4-9bb9-45e4-afcc-46758235fc7b,052db8f4-9bb9-45e4-afcc-46758235fc7b,BLOCK_COMPLETED,R0,0,2026-05-09,2026-05-09,25,Retry / force execution
06777b42-3176-471f-8704-1c0447f629c0,06777b42-3176-471f-8704-1c0447f629c0,BLOCK_COMPLETED,R0,0,2026-05-09,2026-05-09,25,Retry / force execution
06d71ae3-f3a3-4720-b1f0-4633153f9ee0,06d71ae3-f3a3-4720-b1f0-4633153f9ee0,BLOCK_COMPLETED,R0,0,2026-05-09,2026-05-09,25,Retry / force execution
0596bcbd-254b-4eb2-9def-b6d938fbb6eb,0596bcbd-254b-4eb2-9def-b6d938fbb6eb,BLOCK_COMPLETED,R0,0,2026-05-09,2026-05-09,25,Retry / force execution
08830aed-e779-4e3c-b262-75a1ce03fde1,08830aed-e779-4e3c-b262-75a1ce03fde1,BLOCK_COMPLETED,R0,0,2026-05-10,2026-05-10,24,Retry / force execution
08427506-ede4-41dd-bccd-0762ed95a080,08427506-ede4-41dd-bccd-0762ed95a080,BLOCK_COMPLETED,R0,0,2026-05-10,2026-05-10,24,Retry / force execution
0bafae6c-59b5-4928-8d2c-9d25b6a5b7ac,0bafae6c-59b5-4928-8d2c-9d25b6a5b7ac,BLOCK_COMPLETED,R0,0.01,2026-05-11,2026-05-11,23,Retry / force execution
0f76d6fd-7ba4-40e4-ab8f-52a7d98a680c,0f76d6fd-7ba4-40e4-ab8f-52a7d98a680c,BLOCK_COMPLETED,R0,0,2026-05-11,2026-05-11,23,Retry / force execution
1293fe96-2275-4885-b3fc-54ee21ba7807,1293fe96-2275-4885-b3fc-54ee21ba7807,BLOCK_COMPLETED,R0,0,2026-05-11,2026-05-11,23,Retry / force execution
0b5c36fa-616e-4c5f-8552-4ac8352c2779,0b5c36fa-616e-4c5f-8552-4ac8352c2779,BLOCK_COMPLETED,R0,0,2026-05-11,2026-05-11,23,Retry / force execution
17f17751-321f-4376-97f7-08e1cd328300,17f17751-321f-4376-97f7-08e1cd328300,BLOCK_COMPLETED,R0,0.03,2026-05-12,2026-05-12,22,Retry / force execution
16e6cba5-4bfe-441b-9a26-351cb8afdc46,16e6cba5-4bfe-441b-9a26-351cb8afdc46,BLOCK_COMPLETED,R0,0,2026-05-12,2026-05-12,22,Retry / force execution
1846998a-72fb-498b-b7fe-47ee20411425,1846998a-72fb-498b-b7fe-47ee20411425,BLOCK_COMPLETED,R0,0,2026-05-12,2026-05-12,22,Retry / force execution
17435122-dba8-4f73-9ec1-f6bf6125f57c,17435122-dba8-4f73-9ec1-f6bf6125f57c,BLOCK_COMPLETED,R0,0,2026-05-12,2026-05-12,22,Retry / force execution
1c557d22-b131-4842-ae08-b6cf28bc19e9,1c557d22-b131-4842-ae08-b6cf28bc19e9,BLOCK_COMPLETED,R0,0,2026-05-12,2026-05-12,22,Retry / force execution
1a0186f5-d615-466c-980f-1489b4fbb320,1a0186f5-d615-466c-980f-1489b4fbb320,BLOCK_COMPLETED,R0,0,2026-05-12,2026-05-12,22,Retry / force execution
1e15642d-0b03-4272-a1d4-b8b7d3cc43ed,1e15642d-0b03-4272-a1d4-b8b7d3cc43ed,BLOCK_COMPLETED,R0,0,2026-05-12,2026-05-12,22,Retry / force execution
1ad94960-dad5-4640-9cca-c66bf02dd918,1ad94960-dad5-4640-9cca-c66bf02dd918,BLOCK_COMPLETED,R0,0,2026-05-12,2026-05-12,22,Retry / force execution
1e322e6a-307d-42bb-a504-47ad776a4184,1e322e6a-307d-42bb-a504-47ad776a4184,BLOCK_COMPLETED,R0,0,2026-05-12,2026-05-12,22,Retry / force execution
1bc4969e-56ec-4bcc-969d-09fc65bd89c0,1bc4969e-56ec-4bcc-969d-09fc65bd89c0,BLOCK_COMPLETED,R0,0,2026-05-12,2026-05-12,22,Retry / force execution
180e89da-a202-451e-8ccb-c19fff59ca8c,180e89da-a202-451e-8ccb-c19fff59ca8c,BLOCK_COMPLETED,R0,0,2026-05-12,2026-05-12,22,Retry / force execution
